{"0": {"2": 0.029277499228571254, "3": 0.05467309890583799, "4": 0.0271470310976462}, "2": {"9": 0.09722617249104877, "10": 0.02735869286933169}, "3": {"8": 0.0378735327766551, "11": 0.06925614066345223, "12": 0.04806386825801789, "7": 0.03659470015072076}, "4": {"8": 0.0625776333230976, "11": 0.09739715416275388, "12": 0.05586683142508776, "7": 0.09659738538314168}, "5": {"14": 0.07932023290736302}, "6": {"14": 0.04801177124001141}, "7": {"9": 0.02992349879443216, "6": 0.06051595494568515}, "8": {"9": 0.07895883348340985}, "9": {"5": 0.08590020440017236}, "10": {"13": 0.08724485203465676, "6": 0.06957112900158881}, "11": {"13": 0.04762819223360559}, "12": {"13": 0.04627227996557473, "6": 0.08871145733979345}, "13": {"5": 0.03621548735587918}}