{"0": {"2": 0.07185804938961751, "3": 0.09413658445691143, "4": 0.07412737001498025, "5": 0.05854378348881141}, "2": {"11": 0.098620757846888, "7": 0.07651546130354805}, "3": {"11": 0.08293878282111738, "7": 0.05647108979371718}, "4": {"8": 0.09367303177074346, "9": 0.061459946563362136, "12": 0.08088587814729796, "13": 0.09051879372790307}, "5": {"8": 0.07349297265991522, "9": 0.032535916385740625, "12": 0.08768150582623163, "13": 0.03421436015251194}, "6": {"15": 0.04996801931736936}, "7": {"10": 0.07893043147757911}, "8": {"10": 0.04652227063091109}, "9": {"10": 0.06851659951712849}, "10": {"6": 0.04755531040900235}, "11": {"14": 0.053252684230504777}, "12": {"14": 0.06630375369314824}, "13": {"14": 0.07527874202928148}, "14": {"6": 0.08809860303237253}}