{"0": {"2": 0.06519001230182495, "3": 0.0525766873406653, "4": 0.08606006629576672}, "2": {"8": 0.05400657472187878, "9": 0.09177404319804569, "10": 0.06391255443546631, "7": 0.06323358813477827}, "3": {"9": 0.05630081356411225, "10": 0.021977311947777477, "7": 0.040227893569628526}, "4": {"8": 0.03858088144572885, "9": 0.07318535944033062, "10": 0.03644565975617347, "7": 0.02173498887542026}, "5": {"11": 0.08957171429533466}, "6": {"5": 0.07321812003531589}, "7": {"5": 0.07593913492108434}, "8": {"6": 0.09339793501017646}, "9": {"6": 0.031057863006789505}, "10": {"5": 0.0741960952075395}}