{"0": {"2": 0.0436502854510851, "3": 0.09152519520805905, "4": 0.05431445000560765, "5": 0.041202395125979396, "6": 0.0590016090202794}, "2": {"18": 0.07178965258382611, "19": 0.03354741607120458, "38": 0.05320382129397376, "39": 0.07569673809208091, "25": 0.06745923213975855, "26": 0.088673603704914, "29": 0.07241420974228649, "30": 0.07804429991504723}, "3": {"25": 0.03106472277487792, "18": 0.0571176353140581, "29": 0.04756039347554572, "38": 0.07007348871650802}, "4": {"32": 0.06067721273862964, "16": 0.04338947127139739}, "5": {"40": 0.08909941042088362, "32": 0.06731498114018511, "16": 0.06465397987037724}, "6": {"11": 0.08115652775888922, "12": 0.05054053687527127, "13": 0.07432620322871308, "14": 0.04618334003012227}, "7": {"18": 0.03198405567745986}, "8": {"25": 0.04518889603865203}, "9": {"29": 0.0916345800874134}, "10": {"38": 0.03715025217342666}, "11": {"33": 0.04273018810434262, "23": 0.09520340649671297, "20": 0.08828787687682842, "17": 0.06434786685195659}, "12": {"33": 0.024856378708972143, "21": 0.08813095854415422, "23": 0.08178182965947875}, "13": {"40": 0.06444097592222285, "28": 0.04703556748986081, "34": 0.0245757718791888, "36": 0.07787249104856545}, "14": {"40": 0.0417164764026838, "36": 0.042258478915738, "31": 0.04773363799191692}, "15": {"41": 0.029958140850712356}, "16": {"24": 0.0539611091898739, "17": 0.07714503271522316, "27": 0.09987604132424122, "22": 0.09653748298299789}, "17": {"19": 0.03077881509945838}, "18": {"19": 0.07020444224220111}, "19": {"11": 0.02478685134608676}, "20": {"22": 0.07128014676822043}, "21": {"22": 0.08409473227913088}, "22": {"24": 0.048843372661062416}, "23": {"24": 0.04715919569825135, "27": 0.075169455258878, "15": 0.07340926089604388}, "24": {"26": 0.06049750868052485}, "25": {"26": 0.04379792156236095}, "26": {"12": 0.0893823733595189}, "27": {"28": 0.07924981077456604, "36": 0.0759489136011526}, "28": {"30": 0.038485532354986876}, "29": {"30": 0.020772050188944746}, "30": {"13": 0.09305412053411996}, "31": {"35": 0.07497002918505477}, "32": {"34": 0.027822418548687403}, "33": {"34": 0.07242055916713466}, "34": {"35": 0.03573652094162582}, "35": {"37": 0.03802421013654503}, "36": {"37": 0.07467282504107729}, "37": {"39": 0.06632157772978728}, "38": {"39": 0.0898371382547181}, "39": {"14": 0.04152954401873313}, "40": {"15": 0.05731715901239051}}