{"0": {"2": 0.07527707098492976, "3": 0.044939938999791526, "4": 0.0870155427177274, "5": 0.02052659974818299, "6": 0.0700505152456319}, "2": {"12": 0.04506210129456392, "7": 0.039700605051029604}, "3": {"8": 0.04192136101794313, "9": 0.035006026180965544}, "4": {"8": 0.039214810670497036, "9": 0.038370484252965395}, "5": {"13": 0.0723777940570854}, "6": {"11": 0.09459761290964187}, "7": {"15": 0.050211926439401894}, "8": {"10": 0.08935270375318845}, "9": {"10": 0.03091742306778519}, "10": {"12": 0.06038295143515153}, "11": {"14": 0.030853437980560613}, "12": {"13": 0.0725011036266106}, "13": {"14": 0.07088331291080628}, "14": {"7": 0.04183928614815912}}